id,fname,lname,email,number,password,is_active,role_id,parent_id
1,Stacey,Washington,sharievans@example.com,116-834-0257x613,n8^8YKhnt$,False,2,1
2,Nathaniel,Perez,bwiley@example.org,001-171-120-4011x855,+W0Q7fYf*W,False,2,1
3,Theresa,Morris,zpope@example.org,+1-577-856-1273,_I3bVjzS!d,True,2,2
4,Diane,Powers,jeanette26@example.net,(885)745-9907x100,10M0Pv!w*f,False,2,2
5,Sean,Jones,andrea35@example.com,781-699-2360x461,@)QtuMXdK0,False,2,2
6,Colleen,Walter,michaeljohnson@example.net,073-767-2967,1JW4ZIb(Y),True,2,2
7,William,Wong,jeanette49@example.com,(175)432-8297,Gh6et4T(Q+,True,2,1
8,Brian,Ryan,juan09@example.org,+1-664-112-0393,81rinZSs^p,False,2,1
9,Marissa,Sampson,dstevenson@example.org,856.820.6380x837,9SKq7qDp!o,False,2,2
10,John,Lopez,smithsamantha@example.org,(858)047-3303x2254,$GCY+mCM%2,False,2,2
11,Stephanie,Hughes,eblack@example.org,+1-246-302-9495x54031,#rgM5W$340,True,2,2
12,Molly,Peck,jacksontimothy@example.com,+1-315-142-8572x87827,#K3pNkHV%9,True,2,2
13,Tammy,Lee,vcameron@example.net,(488)800-1741x71625,z%2Xx3iO_s,True,2,2
14,Jeffrey,Krause,gsimon@example.net,001-858-680-2149x9534,B%3EJ+Mf*G,False,2,2
15,Jacob,Powers,shannon09@example.org,(523)908-5579x5750,$Q!)2GUaVf,True,2,2
16,Grant,Williams,jeremy92@example.org,012.808.8024x8653,Q&26ZMNsOy,True,2,2
17,James,Hood,angeladavis@example.org,799.547.0628x81563,ta3fO!rej!,True,2,1
18,Jeff,Levy,powerssteven@example.org,275-223-8041x018,^cTsMDKnq8,True,2,1
19,Joseph,Nicholson,dawnreese@example.net,001-729-734-4708x258,72*+N)$z(%,False,2,1
20,Rose,Berry,boyergerald@example.com,492.659.7162x31345,!0w&RBGr%f,False,2,2
21,Erin,Humphrey,qthompson@example.com,0869120199,P1*6Sd!hgg,True,1,1
22,Brian,Yoder,hendersongary@example.net,+1-833-924-4702x1147,!6kQ_wM_dp,False,1,1
23,David,Delgado,robert42@example.net,4546311344,&p0J+Ryj6S,False,1,2
24,Danny,Johnson,hayesdaniel@example.org,(952)612-9025,_1ppc2BjKB,True,1,2
25,Gregory,West,alexandra92@example.net,(849)856-6567x0170,%3^4QhFzIm,False,1,1
26,Douglas,Wallace,ashleycowan@example.net,646.373.1554x94971,^sX20Vtly1,True,1,1
27,Arthur,Fisher,danielreyes@example.com,681.523.1271x73950,p)0Uw8_nt+,True,1,2
28,Rebecca,Palmer,bsanchez@example.org,299-211-1832x76307,dq8(66Yhx!,False,1,1
29,Penny,Hernandez,eparrish@example.net,741-029-2903,5v1ZRONe#z,False,1,2
30,Kimberly,Carter,craigwilson@example.org,550-528-8359x9127,!aM1DFOf^2,True,1,2
31,Cynthia,Larsen,bbender@example.org,785.284.0754x6705,!VPKEVmJ#9,True,1,1
32,Douglas,Hughes,roger32@example.org,1359510042,*E&v7qCrb6,False,1,2
33,Amy,Rodriguez,robert39@example.com,6732683360,!Z_5A!f0W6,True,1,1
34,Breanna,Chase,hillfrancis@example.net,500.729.8447,J9E0OUx_Q@,True,1,1
35,Wendy,Vaughn,gonzalezdawn@example.org,124-314-9660x579,x3oPieeU_0,True,1,2
36,Joseph,Stevens,farmerlinda@example.org,(544)211-7017x2545,&463K$cqK),True,1,1
37,Samantha,Wilson,rebekahgarcia@example.net,001-669-023-6618x09052,C@Py2OAud$,False,1,2
38,Kimberly,King,adkinsamy@example.net,(210)255-5492x478,JtA5XHy9@4,False,1,1
39,Wendy,Garza,rodriguezhaley@example.org,0297105796,^M9lWh_1sQ,True,1,1
40,Donald,Cole,kathy54@example.org,001-107-498-8032,j42JsOsc#!,True,1,2
41,Donna,Williams,norrisbilly@example.net,858-619-6182x860,@3LFz@jQs^,False,1,1
42,Erin,Fitzpatrick,tanyajackson@example.net,001-294-513-5084x3442,t*2&Tqjb7e,False,1,2
43,Joseph,Howard,fhunter@example.org,468-170-9051x298,1^f)8AJr2#,False,1,2
44,Daryl,Johnston,annawise@example.com,(711)655-1505x3941,(^mK*rPG!5,True,1,1
45,Russell,Landry,veronica60@example.com,448-893-7619x8532,+rppK)Zym7,True,1,1
46,Jacqueline,Calhoun,henrykathryn@example.net,(627)014-9752x61879,8xLOi#Pr(k,True,1,2
47,Walter,Lawrence,smithelizabeth@example.org,001-296-865-7602x70181,4&2PofXvEq,False,1,1
48,Alicia,Roth,briandavis@example.com,+1-178-343-9349x97239,dJzEqrKx#8,False,1,1
49,Michelle,Johnson,chrisjohnson@example.com,8592244276,0mdg5H!qj^,False,1,1
50,Anthony,Bell,kyle85@example.net,8763267723,_$W27OwxTU,True,1,2
51,Amanda,Finley,williamsjason@example.net,8816315444,(mc5T^DpI5,True,1,1
52,Diana,May,nwinters@example.com,001-603-640-0019,4dX^M0_a%_,True,1,1
53,David,Franco,tmorales@example.net,001-517-073-3954x9998,&B)09BYhc(,False,1,2
54,Christopher,Robertson,holmeslisa@example.net,952-139-5726x74531,_0LaQ%T&3o,False,1,2
55,James,Love,steven81@example.net,549-405-9984x71272,(lGCJ8XlO(,True,1,1
56,Jimmy,Rios,clarkbrian@example.com,994-280-4553x2145,n&4EBlmS!A,False,1,1
57,Daniel,Cameron,dana59@example.net,(007)667-3064,87U9ij2w@p,False,1,2
58,Heather,Harrison,mary41@example.org,330-534-7917x941,T22fHYflJ!,True,1,2
59,Kara,Roberts,anitagarcia@example.net,955-406-6131x9215,6r^iqkKh%B,False,1,1
60,Kaitlyn,Olson,npowers@example.com,341.027.6534,y_3B(Z&v$I,False,1,2
61,Sharon,Williams,ubell@example.net,(142)635-6308x6668,wOBcmBpL@9,False,1,2
62,Eric,King,tjohnson@example.net,987.054.8796,77f8QtKe)6,False,1,2
63,Sarah,Garcia,zachary81@example.org,(635)313-3953,&_fMzqFN7j,True,1,2
64,Robert,Morgan,melissa00@example.net,(510)160-0175,c(6K#DCgR8,True,1,1
65,John,Johnson,isaiah85@example.org,001-408-829-9422x967,!0E0GqsYI+,True,1,2
66,James,Daniels,thomaslaura@example.com,+1-854-214-9507x060,_mHm3DJxlk,False,1,1
67,Angela,Peters,jennifer59@example.org,001-392-614-6185x078,L$4gXeSmE%,True,1,2
68,Matthew,Pierce,obrienheather@example.com,689-655-3393,FHi+8aBxci,True,1,2
69,Rachel,Macias,franklinsabrina@example.net,+1-650-597-7266,(5h6dABb$F,True,1,2
70,Michael,Wood,meyersdale@example.net,+1-803-517-6817,)2XIPYo+6H,True,1,1
71,Andrew,Smith,nicholashall@example.net,595-748-6142,kkq8OMnCp+,False,1,1
72,Seth,Bailey,samantha17@example.org,2682504549,+z7#eNzzF$,True,1,1
73,Patricia,Smith,wcox@example.org,592.961.6920x536,%B55YYhfEK,False,1,2
74,Diane,Avila,richard93@example.net,507-742-4685x55809,pZ9GKsOa^w,True,1,1
75,Kristina,Johnson,santanavicki@example.com,739.108.5607x301,WDRg5P#j)f,True,1,1
76,Katherine,Miller,mcurry@example.org,303-385-9901,*9!VU^olMB,False,1,2
77,Julie,Medina,shannonwilliamson@example.org,4353715468,+4Sbyk0r9A,False,1,2
78,Paul,Gonzalez,dana26@example.org,(923)314-7293x1164,%hT3+Nzusb,False,1,2
79,Amy,Murphy,wernerjennifer@example.com,6207119350,R9hjI5ne@Q,True,1,2
80,Gloria,Dixon,aaron05@example.net,403.680.5394x4694,!c7Nvi1ca8,True,1,2
81,Holly,Cole,elizabetharnold@example.org,117-340-4325x524,F3O_VCRb%o,True,1,1
82,Cynthia,Vance,lauriefields@example.net,001-313-450-3528x33249,K(i5Tq0nIt,True,1,1
83,Taylor,Baker,rosspatricia@example.com,001-247-227-9441,lP_4e6Qvs+,False,1,1
84,Kenneth,Stewart,sjohnson@example.org,252.460.2641x699,@!+1nLZs!$,True,1,1
85,Ann,Ramirez,andre39@example.net,001-838-377-3513x7619,e7lnI2dE(b,True,1,1
86,Zachary,Smith,icastillo@example.com,001-389-277-6318x141,*mpX*Fvh)2,False,1,1
87,Heather,Mcdaniel,andersonderek@example.org,(621)843-2128x210,_K4QuArr@),False,1,1
88,John,Hernandez,paul29@example.org,484-554-4319x582,t5IM9Ck)&u,True,1,1
89,Dean,Owen,andrea81@example.net,+1-865-705-1694x874,2HC0TCy%$1,False,1,1
90,Tonya,Mcdaniel,dmyers@example.net,145.273.3756,W6Lg2&%f@k,False,1,1
91,Natalie,Brown,alvaradocheryl@example.org,001-585-312-5767x33504,y0C8WQp8&I,False,1,2
92,Wendy,Bishop,gfischer@example.com,519.436.3658x16677,#xaHyeHTO9,True,1,1
93,Zachary,Price,michaelbell@example.org,(702)010-9951,41S5sb5z+k,True,1,2
94,Lori,Lozano,jeremiahballard@example.com,+1-171-163-1759x9980,&^vbSRyVh3,True,1,2
95,Christina,Boyd,erin53@example.org,(423)558-2784x4027,6!PMoNaw#2,True,1,2
96,Chelsea,Leonard,brian00@example.org,+1-280-276-9191x933,)Z!8NpZnoe,False,1,1
97,Albert,Woods,lindseyandrew@example.com,356.553.3392,D$M3eAg%cx,True,1,2
98,Gabrielle,Murray,valeriegardner@example.com,+1-192-092-5688x41248,DH0D7JiB%x,True,1,2
99,Pamela,Young,qsmith@example.net,001-975-258-5936,384Y5oh2#),False,1,1
100,Karen,Romero,patrickrodriguez@example.com,147.287.3441,&568Yy&r(Y,True,1,1
101,Barbara,Carter,halllaurie@example.net,490-130-6132,6uCf2GZv_V,True,1,1
102,James,Douglas,xblanchard@example.org,001-840-363-5607,F@cW9NwtJo,True,1,1
103,Edwin,Brown,bradleynelson@example.net,637.262.5349,%$PZv8#cp5,True,1,2
104,Michael,Crosby,stephaniegarcia@example.net,(433)282-8030x5580,@n17GEObF*,False,1,1
105,Susan,Mcbride,armstrongelizabeth@example.org,9199142612,#8I2tlzw3),True,1,1
106,Diana,Robertson,dixonvanessa@example.com,862.258.2834x325,jvmS7XQ6S!,False,1,1
107,Jennifer,Miranda,sheila59@example.net,154.504.2911,$t3AECMgNL,True,1,1
108,Jessica,Dixon,csawyer@example.com,267-164-4068,cc7iQZj^)%,True,1,2
109,Bobby,Meza,margaretsmith@example.org,052-496-4479,b0S@7G^A^B,False,1,2
110,James,Cuevas,andrewlarson@example.org,(707)222-6347,xH(PAg6*_5,True,1,1
111,Thomas,Barnes,kimberly63@example.net,+1-777-516-5141,%2x3S0il1o,False,1,1
112,Gabriel,Myers,dcarter@example.net,+1-255-318-5327x699,%&0WFgrrO^,False,1,2
