Colonial,Decatur,Gainesville,Marion,Rio Grande,Roanoke,Pike,York
Carrie Downie Elementary,Blue Elementary,Edison Elementary School,Academy for Careers & Tech,Ac2E Elementary,Bonsack Elementary School,PC Primary School,Bearcat Cyber Academy
Castle Hills Elementary,Decatur Central High School,Gainesville High School,Creek Bridge STEM Academy,Ac2E Middle School,Burlington Elementary School,PC Elementary,Devers K-8 School
Pleasantville Elementary,Decatur Middle School,Gainesville Junior High School,Easterling Primary,Easterling Primary,Burton Center for Arts & Technology,PC Middle School,Ferguson K-8 School
Wilmington Manor Elementary,Decatur Twp Sch For Excellence,HEAD START,Johnakin Middle,Johnakin Middle,Cave Spring Elementary School,PC 9th Grade Acad.,Goode K-8 School
Kathleen H. Wilbur Elementary,Gold Elementary,Leopard Pride Achievement Center (Alternative School),Marion High,Marion High,Cave Spring High School,PC High School,Hannah Penn K-8 School
Southern Elementary,Liberty Early Elementary,Robert E. Lee Intermediate,Marion Intermediate,Marion Intermediate,Cave Spring Middle School,Pike Zebulon HS,Jackson K-8 School
New Castle Elementary,Stephen Decatur Elementary,W. E. Chalmers Elementary,McCormick Elementary,Mccormick Elementary,Clearbrook Elementary School,,Pre-K
Eisenberg Elementary,Valley Mills Elementary,,Mullins High,Mullins High,Fort Lewis Elementary School,,Special Education
Gunning Bedford Middle,West Newton Elementary,,North Mullins Primary,North Mullins Primary,Glen Cove Elementary School,,STEAM Academy
George Read Middle,,,Palmetto Middle,Palmetto Middle,Glenvar Elementary School,,William Penn Senior High School
McCullough Middle,,,,,Glenvar High School,,
William Penn High,,,,,Glenvar Middle School,,
Leach School,,,,,Governor's STEM Academy at BCAT,,
Wallin School,,,,,Green Valley Elementary School,,
,,,,,Herman L. Horn Elementary School,,
,,,,,Hidden Valley High School,,
,,,,,Hidden Valley Middle School,,
,,,,,Masons Cove Elementary School,,
,,,,,Mount Pleasant Elementary School,,
,,,,,Mountain View Elementary School,,
,,,,,Northside High School,,
,,,,,Northside Middle School,,
,,,,,Oak Grove Elementary School,,
,,,,,Penn Forest Elementary School,,
,,,,,W.E. Cundiff Elementary School,,
,,,,,William Byrd High School,,
,,,,,William Byrd Middle School,,
,,,,,Back Creek Elementary School,,
,,,,,,,
,,,,,,,
,,,,,,,
