meetingResponseId,user_id,name,description,on_track_flag
187,79,Beat,Social Mr area across.,True
203,21,Sense,Material send evening set apply.,False
123,42,Particular,Finish finish cup same.,False
117,67,Should,Find certain other whom someone body note.,False
34,86,Book,Money attack four.,True
189,23,Want,Prevent effect expect new executive hit consumer.,False
197,40,Card,Report right car alone.,True
97,9,Traditional,Enter economy kid box be cold attorney stuff.,False
158,13,Thought,Trouble music term around.,True
117,12,Wear,Suffer building goal.,False
77,15,Member,Determine half term while language order exactly though.,True
164,23,Image,Dark establish foot discover because.,True
86,44,Both,Lot alone general discussion.,True
99,11,Simply,Fear clearly girl before last.,True
215,20,Republican,Voice until material particular.,True
48,79,City,Relationship forget professional never raise past should.,False
131,100,Toward,Us bit local management seat.,True
97,14,Measure,Summer hot decide dream international understand relate what.,True
58,27,West,Often guy close he good.,False
164,86,Pretty,Do heavy quickly how himself employee camera.,True
161,13,Certainly,Education science short.,False
126,68,Agree,Before opportunity cover daughter range Mrs positive.,False
75,65,Girl,Set professor party course.,True
5,70,Discover,Garden career as allow television.,False
162,80,Forget,Sea dream thus activity memory only easy.,True
50,59,Worker,Behind collection character attorney.,False
140,96,Will,Today but decision people prove budget hold floor.,True
130,60,Middle,Officer office ball last research pretty.,True
188,11,Word,Quickly operation party establish point imagine senior paper.,True
30,73,Create,Up our trade look.,True
169,69,And,Heart any address keep Republican provide.,True
131,43,Final,Night himself notice shake production.,True
142,52,Film,Forward center way possible inside threat.,False
201,11,Responsibility,Month seven score everything provide successful never worker.,False
199,57,Less,Laugh the ahead skin whose it large.,True
12,68,Power,Mention Republican year message.,True
40,3,Worry,Each Congress product cover peace animal.,True
148,25,Task,Truth off cut thought reflect often hot.,True
111,94,Talk,Up sport quickly upon military his.,True
82,69,Same,Case though responsibility specific bill activity.,True
55,30,Public,East why find plan situation writer.,True
122,48,Smile,Successful major cost describe upon season.,True
63,98,Lot,College put water especially somebody.,False
154,93,Them,Point yeah store boy then.,False
51,52,Different,General table yeah behavior.,True
60,19,Cost,Choose property them born age between.,True
96,58,Kitchen,Project something sense exist.,True
25,90,West,Message would win democratic.,False
115,100,She,Four lawyer else today ten interest ready.,True
70,79,Claim,Hard conference data history create.,True
138,44,Once,Before reason allow.,True
135,71,Several,Perhaps serve know born force still race society.,True
50,75,Individual,Base wish fall realize me.,False
167,83,Pretty,Pull sure age four need reflect nothing now.,False
30,26,Region,Hear attorney mouth myself store.,False
190,93,Condition,Push rather send.,False
63,53,Candidate,Group time free store.,True
101,7,Professional,Way argue among magazine task.,True
120,52,Past,Newspaper decade feeling story wife player measure strong.,False
186,65,Eye,Peace blood share fine hospital.,True
133,61,Suffer,Day PM political lay tell.,False
28,12,Would,Doctor yeah court now those.,False
193,43,Stand,Rather wide enough send support arrive.,True
188,36,Reach,Wear worker big word national walk.,False
176,29,Drug,Reach customer increase structure trade.,True
79,14,Half,Their forget agency budget we natural.,False
154,55,Let,Role suffer reveal court mother international season.,False
85,74,Old,Student weight when.,False
8,9,Back,Local may sit positive discussion.,True
106,100,Worry,But floor nation wife reason total former.,True
103,100,Hard,Test toward positive small boy likely.,True
91,14,Rise,Kind remember final woman beat.,False
62,65,Whose,Message indeed alone many experience determine wrong somebody.,False
17,37,Door,Create miss police others.,False
170,36,Goal,Analysis appear American evidence while.,False
8,94,Sort,Against practice give citizen choice.,True
49,1,Set,Finish resource international carry.,False
166,34,Marriage,Something crime use law production.,True
212,77,Question,Center until line each above option spend.,False
97,40,Say,White rate author last according now different.,False
197,30,Very,Field rock present.,True
148,52,Out,Front mention section serious building decide tell.,True
88,60,Away,Usually home none tonight computer own.,False
51,39,Attack,Almost doctor network name money interview.,True
152,55,Impact,Money bar entire but western better.,True
65,53,Fish,Need trade continue total military.,True
148,50,Recent,Improve improve sound security behavior.,False
66,13,So,Trouble respond music computer under.,False
148,79,Impact,Man six across child body well during.,True
58,84,Method,Scene girl maintain fact forget design.,False
111,40,Across,Of discover ball.,False
195,29,Apply,Whose simply cup answer they listen.,True
196,5,Avoid,Population structure less paper across series.,True
189,34,Rather,Top believe cold ten both before.,True
64,61,Politics,Cell may poor shake step even.,True
74,64,Member,Interest onto present.,False
98,2,Goal,Stage value structure bill heart evening.,True
116,67,Major,Trouble give they name possible ball hundred turn.,True
199,56,Whatever,Agency site phone appear subject group pretty.,True
191,30,Card,Weight sit address would.,True
140,95,Responsibility,Arm according protect.,False
95,47,Protect,Together prepare out involve lead loss.,False
130,69,Rule,Understand these group include civil perhaps.,False
124,82,Maintain,Weight the notice east begin garden debate.,True
58,29,Her,Our nature yourself.,False
23,48,Close,Son radio board without page environment.,False
76,1,Attorney,Through baby possible necessary catch car.,True
79,91,Save,Sport market allow within argue.,True
21,7,About,Community perhaps reality enough minute economic resource benefit.,True
92,74,Force,Cold system author million.,True
36,33,Well,Voice simply decade despite from chance.,True
33,77,Morning,Share administration bag bad foreign official.,True
99,32,Thus,Ahead young item name worry change total smile.,True
157,6,Good,Report choice prevent scene decade if pass.,True
146,14,Return,Serious article break night network senior kid bit.,True
205,64,Pay,Like out each last deal interview event.,False
89,84,Sell,Its sell how pull left behind return.,True
15,91,Computer,Federal including would main voice watch care former.,False
208,26,Tv,Since something when sister thank.,True
58,54,Draw,Nor human present challenge newspaper maybe.,True
126,93,Effect,Now social include always upon individual general.,False
61,70,Receive,Long animal television first describe girl huge.,False
174,60,Firm,Important available management check magazine program order reach.,True
13,18,Without,Method impact role building.,True
28,81,Current,Indicate out water remain site.,False
28,68,Government,Sister evening black vote seven democratic.,True
43,11,Around,Where decide him effort visit.,True
173,73,Can,Get matter notice describe.,False
197,98,Author,Resource board growth.,False
114,56,Until,Buy fund rule individual.,True
192,67,A,Across box family learn let visit hundred list.,True
19,78,Bit,Kind onto former million prevent game.,True
35,2,Time,Least attention leader choice mean.,True
47,96,Blood,Reason next seven artist standard center full response.,True
211,75,May,Response growth return all health.,False
120,68,By,Budget relationship seven PM mind speak action.,True
58,24,Score,Goal yourself loss throw since policy.,False
75,76,Scene,Activity school contain hope without majority see wrong.,True
39,32,Certainly,List quite development none through religious argue.,True
22,20,Data,Color weight land rock door safe late.,False
7,91,Serve,Everybody good open property.,True
120,3,Join,Professor sport final most hard reflect.,True
162,63,Television,Think artist soon forward remember figure she.,False
15,87,Threat,Indicate wish vote trip billion act remember this.,False
121,62,Per,Image experience meet on crime night though.,True
76,75,Less,Leave son relationship enter explain low relate.,False
89,58,Hard,Practice ok stand right tonight.,True
155,20,Upon,Expect community hope call option among good key.,True
195,8,Else,Treatment lot view your prove.,True
146,39,Some,Fish change man hand maintain body.,True
120,39,Writer,Listen capital behind people little.,True
162,16,Record,All exist four style.,True
177,61,Congress,Everyone which meet anyone foot identify growth.,True
136,45,Baby,None six fear example inside Mrs.,True
95,89,Learn,Address well nation.,False
151,25,Power,Behind role treatment shoulder whom organization teacher.,False
157,82,Room,Avoid as head wonder green.,False
176,28,Black,Power whom quality process successful sometimes.,True
207,67,Leg,After its lawyer try.,False
172,64,Over,As join increase option.,True
111,39,Party,Meeting country eat around page.,False
72,86,Right,Middle challenge none as rather.,True
149,66,Thought,The everyone notice available individual.,True
70,24,Learn,Civil sit senior.,True
90,46,With,Action TV against tend.,False
213,13,Recognize,Outside order certainly actually health current civil.,False
192,97,Story,Spring between product despite road election.,True
134,92,Training,Fish heavy five itself box eye computer.,False
127,12,Customer,The seven two necessary.,True
50,56,Operation,Analysis debate important art able can blood.,False
161,24,Others,Election soldier author trial peace.,False
64,11,Remain,When important reality threat.,False
43,57,Manager,Current night information view lawyer former expect.,True
113,25,Again,Gun garden cause organization film.,True
66,35,New,Career campaign quite become evidence different.,True
54,91,Away,Line least near again sound bit.,True
24,74,Medical,Stay mother upon rest minute.,True
179,48,Daughter,Decade begin apply reason claim hundred.,False
110,84,Type,Offer available today reality account my region.,False
157,7,Clearly,Scientist test television our.,True
181,68,Ago,Team bed fish black skill.,True
50,47,Technology,Will as could side film answer.,False
208,25,Adult,Accept mind current low information study yet serious.,False
204,23,City,Reduce moment large method all.,True
81,41,Describe,Tough white response leave customer back.,False
123,22,Three,Blood idea record toward.,True
89,3,Black,Maybe worry report well.,False
216,31,Or,Support name area a us.,True
187,99,American,Source law later billion.,False
16,88,Per,Floor where billion hit trouble that.,True
214,53,Value,Chair for successful collection until not.,True
187,79,Fish,Charge reality fall leader.,False
180,92,Tough,Decide news summer interview public.,False
85,17,Money,Image continue wonder project.,False
172,51,Traditional,Final serve charge message fly car stock ok.,True
94,73,Child,Husband education professor safe.,True
161,17,Since,Popular yet wish sister heavy east.,False
193,33,Computer,Economy school Democrat before.,True
214,16,Step,Bill plan dinner once get.,False
110,26,Training,Few peace outside difficult young.,False
21,19,Community,Direction keep figure paper ten laugh.,False
142,54,Skill,Red beat house century.,True
209,28,One,Good bar thus.,False
31,89,Business,Seat past general remember director space.,False
166,47,Walk,Find movie evening sure what.,True
117,11,Lead,Boy along happy pick sometimes stand.,False
208,14,Until,Apply prevent research charge heart sell.,False
179,13,For,Find expect capital break learn.,False
157,50,Politics,Standard the quality issue professional.,False
36,72,Financial,Product myself else all vote over letter.,True
128,71,Actually,Physical option make use.,False
36,24,No,Any check court appear.,True
203,54,Hair,Part million may believe operation certain site.,False
99,93,One,Part apply event baby.,False
100,43,Child,Above material maybe important reach social.,True
26,36,Whether,Fight consumer check career time first between.,True
24,54,Party,Reduce size remain.,False
36,68,Father,Issue ago letter security.,True
5,23,Choice,Sense relate force.,True
28,1,Significant,Increase rock happy section score establish week.,False
121,11,Spend,Although girl although single treatment son turn participant.,False
184,55,Finish,Question south cut stage country parent.,True
173,4,Born,Town large dog case production.,True
130,97,Respond,Building hold tax mother.,True
197,91,General,Real huge term exist final.,True
12,34,Serious,Walk air much important talk say.,True
112,9,West,Lose explain fill order never read surface whole.,False
138,28,Between,Century mouth if impact half.,True
117,58,From,Single evening truth camera industry.,True
125,49,Experience,Field among poor side toward history nothing.,False
206,1,You,Sell physical tell account role.,False
74,100,Trip,Whatever glass environmental political mission wife tend.,False
142,58,Down,Go space dog to what.,True
12,98,Cold,Quickly child young.,True
77,16,Store,Community give perform make yeah response.,False
133,88,Its,Candidate occur society generation.,False
69,77,Walk,Industry war order remain hair idea policy.,True
88,90,Unit,Become light billion big sort.,True
83,47,Pick,Staff herself dinner nor drive.,False
56,20,Might,Without option get movement professional learn reveal.,True
197,92,Area,Standard teach worry discover sometimes guess fast.,False
197,37,His,Enough push high affect about among hand.,True
132,67,List,Treatment manager remain free effect or.,True
56,55,Level,Environment director set white.,True
152,63,Worry,Rate might send maintain room.,True
52,52,Radio,Side manager listen couple trip and three.,True
34,81,Fly,System yet show necessary.,False
18,76,Soldier,Development write contain smile as product.,False
142,75,Other,Area wife baby gas student among.,False
91,70,Success,Defense music federal place success thought.,True
101,38,Live,Beautiful through respond main.,True
178,5,Event,Music range daughter lose his his yourself.,False
154,44,Alone,Visit space effort industry instead.,True
164,73,Little,They true might without individual.,False
15,82,Including,Culture her activity building benefit table.,False
178,44,Under,Memory suffer scene.,True
187,14,Challenge,Affect design buy lay firm.,True
184,26,Three,Who wide sign hotel she follow college under.,True
30,29,Pay,Sell one continue remain sing expect some.,True
141,68,Together,Maybe product reflect indicate page floor.,True
39,63,Computer,Central call each rather fast debate although policy.,True
15,23,Recognize,Walk respond other between about.,False
45,87,Take,Machine hit list his person.,False
61,61,Sometimes,Work boy service clearly that watch.,True
63,66,Decision,Room product single month say suddenly.,True
163,2,Look,Thank then peace bill state.,True
204,87,Same,Her hard generation maybe room.,True
13,15,Television,Cover go article receive right.,True
103,68,Green,Early which where campaign court former table.,False
16,6,Many,Appear friend stuff like.,False
135,56,Popular,Field several glass cause.,False
17,36,Fact,Defense claim maintain.,True
54,23,Child,Save action through they.,False
194,78,Teacher,She member heavy hear energy collection.,True
149,59,Worry,Development security majority consumer degree another during.,False
119,57,Speech,Kid interesting book south voice really car.,True
58,42,Goal,Situation assume certain big.,True
106,80,Kitchen,Seat authority assume.,False
171,98,Pattern,Mouth heavy learn fund.,False
134,31,Scientist,Call partner most sing.,False
156,40,Class,Ability another include tree lose consider.,False
31,61,Let,Evidence middle support a role item.,True
105,100,Six,Care town now determine again.,False
56,7,Dark,Move heart campaign she.,True
157,96,Lawyer,Matter whom figure sense whose character hour.,True
123,71,Memory,Report on government so.,True
64,94,Little,Every window over space writer pull.,False
66,42,Factor,Guy we into candidate.,False
192,1,Her,Style begin statement ago.,False
34,59,With,Most that bar receive similar.,False
168,88,Word,Return couple nature shoulder whose address voice long.,False
99,10,Past,Job history common ground nothing case.,False
144,20,Treatment,Know car deal focus turn form just.,True
214,4,Wish,Plan support next always.,True
184,44,Morning,Offer conference present success goal.,False
206,97,Those,Environmental best old yes daughter.,True
130,95,Under,Daughter enough time three time man.,True
139,67,Garden,Crime real hold learn student buy.,False
106,82,Away,Administration consider fund.,True
91,71,Hold,Senior eight oil.,False
25,31,Carry,Defense notice town way present thus.,False
137,26,Business,Bad realize take turn issue.,True
174,62,Process,Home deal that term which interest join.,False
155,56,Clearly,Table book word father one pay me bag.,False
36,43,Truth,Listen learn stock bill investment particularly.,True
167,77,Reflect,Team Republican wrong direction resource hear type themselves.,True
108,62,Culture,Listen boy point expert thought really affect.,False
208,63,Everything,Direction every half spend claim various car.,True
102,89,Summer,Lead important my shoulder accept none.,False
134,67,Partner,Cut next property include fish memory.,True
183,41,Animal,Write treat force think.,False
156,14,Sport,Edge sort test explain result happen fine.,False
69,11,I,Voice here provide stuff five open plant.,True
57,18,Far,Might green into risk.,False
180,70,Or,Teacher life never degree.,True
3,44,Seat,Generation sea accept state.,True
14,37,Unit,Action scene power kitchen why spring.,True
138,28,For,Smile within wait watch around free.,False
188,69,Score,Cell glass traditional move effect evidence pick.,False
149,37,Off,Hard part join any that benefit us.,False
18,59,Land,Plan trouble local bill goal hear budget.,True
5,40,Dog,Thank its chance accept ten.,False
62,7,Special,Every floor picture director they.,True
177,79,Simple,Individual each while six sell tough throw.,True
159,64,Debate,Cultural resource front these.,True
20,71,Could,Body special eye industry mother.,True
115,82,Professor,Amount stock these care size way.,True
170,51,Then,Ground medical fund subject.,False
117,86,Wrong,You rule attorney certain whose call.,True
6,54,Visit,Himself staff business up.,False
102,28,Everyone,Grow wide material build tend daughter.,True
156,33,Very,Whom old only operation forget exactly.,True
89,46,Machine,Action game send expect field treatment most.,False
61,47,Policy,Night meet range nearly first.,False
181,2,Minute,Citizen effort morning movie nice job strong.,False
74,25,Anything,City represent include politics significant tree report data.,False
117,65,Total,Yes hand office else.,False
56,78,Former,Often eight employee save yourself.,True
101,55,Alone,Great reduce north learn animal spring.,True
189,46,Kitchen,Hard few subject look reduce.,False
110,6,Lead,Culture most north sometimes responsibility too anything always.,False
30,13,Parent,Red less impact son morning.,False
123,4,Country,Wind use arrive at another.,True
109,94,Each,Trouble politics window various by company understand.,False
25,40,Section,Else arrive site figure past myself glass.,False
88,3,Science,Manage now particularly.,True
66,76,Start,Perform per product really nothing there.,True
212,78,House,Force religious standard visit figure soldier off.,True
176,54,Buy,Value including idea where evidence production.,True
190,97,Chair,Build personal around your region.,False
138,99,Operation,Than structure why family.,False
184,19,Yes,Collection if generation of case scene.,False
92,21,Plant,Fire himself prepare while.,False
152,86,Teacher,Each put morning very full place remain.,False
20,41,Day,Responsibility wonder listen.,True
144,94,Cost,Base remain know bar wind.,False
26,87,Think,Theory may building station.,True
108,41,Attorney,Fly president laugh become together.,False
65,7,Result,Along court bag environmental later themselves military.,False
125,47,Sing,Important your gas action.,False
107,31,Evidence,Natural anyone up there we.,False
55,75,I,Role term section president.,False
161,15,Course,Go rather reflect reality home safe.,False
213,46,Term,Speak most economy information positive above.,False
115,81,Only,Few something area.,True
42,35,Surface,Industry play court cost thus book.,True
131,60,Sell,Cost win evidence skin trip field save read.,False
62,45,Help,Writer wide science among language listen water.,True
204,11,World,Look happy I nothing yard cup card.,True
5,60,Artist,Vote happy issue no success manager listen whose.,False
96,67,The,Believe growth Democrat share pay its.,True
211,86,Least,Nor deal method half receive economy.,False
86,5,Pull,Plan seat brother.,True
215,86,Himself,Reflect thought sense simply however dream.,True
49,85,Me,Watch list share scientist question.,True
214,84,Art,Out support also night remember maybe how.,False
191,52,Consider,Available area even many professor especially step.,False
71,40,Perform,Officer just write Democrat serious agency white.,False
209,25,Executive,Sell above use green local best time.,True
34,83,Air,Fact better least send end them.,True
109,47,Appear,My voice perhaps them run because time.,False
164,92,Back,Agree you best always.,False
146,78,Outside,Agree policy option water knowledge section accept.,False
203,78,Speech,West laugh environment billion me true data mean.,False
130,48,Herself,Why young nation individual rise box generation leg.,False
113,66,Prepare,Heavy culture mean apply to popular.,False
104,84,Ok,Friend top impact quality interest strategy pick building.,False
213,32,Easy,Treatment audience current by where open.,False
205,53,Time,Star stay parent season travel factor major college.,False
170,2,Particularly,Reveal pressure task wide.,False
61,51,Chair,Late cold air moment.,False
98,50,Their,Late region sometimes discussion white.,False
127,80,Plan,So head American since best course.,True
206,88,But,Letter threat thus compare.,False
73,79,Discussion,Campaign expert Mrs without.,True
72,34,Issue,Lawyer deep kind politics few form wait.,False
129,98,Process,Personal special collection remain.,True
139,75,One,Expert enjoy different pass.,False
216,32,Despite,Finish its half voice say loss federal.,True
175,24,Seven,Hold cultural return keep have deep.,False
86,34,Room,Phone recent trip still less.,False
18,24,About,Animal PM section technology put their.,True
57,13,Tonight,War billion source personal subject.,True
16,60,Find,Officer foot school service land old likely.,True
167,2,Serious,Carry especially act wish win road challenge.,True
75,94,Everything,Race raise everybody different boy partner.,True
171,53,Thus,Before other stop town three.,True
174,79,Box,Protect of tonight admit hospital though everything.,True
38,82,Unit,Suffer color poor section fine real.,True
80,100,Happy,Idea glass community.,False
99,91,Tree,Home pretty material mouth whole executive.,True
11,37,Body,Lawyer huge including not training.,True
58,93,Three,Need less similar fast brother condition something her.,False
35,56,Company,Garden give safe fund.,False
53,65,Base,Reveal daughter others.,False
4,68,Imagine,Professional explain wide thing more war way.,False
182,60,Message,American talk quite life under.,True
59,51,People,Ready discuss right safe method economic.,False
121,93,Minute,Watch perform smile rise.,True
121,57,Region,Process response road mention perhaps part travel.,True
142,37,Most,Bag all local smile.,True
58,57,Suddenly,Ability discuss teacher speak dark morning.,False
37,21,Start,Likely image six through simple no decision.,True
137,18,Attack,Western third former watch he child reality.,True
3,92,North,Various statement now sure.,False
165,73,Travel,Program worker company cup ever process.,True
137,14,Theory,History benefit table success.,True
77,71,Free,Receive and home share enough education break.,False
12,96,Debate,Sign wall side maintain policy from.,False
106,14,Result,Event will citizen sort.,True
197,35,Issue,More them white let hair season spend public.,False
100,33,From,Shake set herself character.,False
111,11,Rather,Then shoulder single.,True
11,35,Suffer,Myself family public important who contain history.,True
97,95,Respond,Side of hit interesting relationship power.,False
90,47,Machine,Both local model new rock.,False
54,21,Upon,Street home visit blood.,False
175,38,During,Full economic apply control change.,False
188,20,Now,Summer total science woman eight black sure.,True
18,19,Central,Yes now head everybody agency.,False
15,72,Resource,Argue player pay win theory.,True
70,92,Traditional,Can environmental movement hair remain hit two.,True
59,86,Professor,Issue reach why song table.,False
78,55,Receive,Fear thus arm civil which business bad.,True
49,62,Society,Term sound name management agent close.,False
129,4,Generation,Pattern inside plant crime which.,False
124,28,Hundred,School design bed politics skin house friend.,True
92,42,Quite,Join ok respond professional only.,True
