id,fname,lname,email,number,password,is_active,role_id
1,Cynthia,Cervantes,lhernandez@example.net,069-721-5830x19262,%G@1ZIEmW1,True,2
2,Isaiah,King,tiffany32@example.net,783-336-7960x1140,^nM%_UOy2r,False,1
3,Michelle,Stewart,nancymcbride@example.net,001-590-192-7692x95167,c8WhZ0de*h,False,2
4,Heidi,Neal,buckleysharon@example.net,001-639-763-4798,YdFDkJe1)6,True,2
5,David,Smith,kurtwilson@example.org,882.905.3571,!4TXHY)fQr,False,2
6,Lisa,Smith,lramos@example.org,+1-238-503-2986,&M1WJ8Ael@,True,2
7,Joseph,Jones,bsanders@example.org,+1-832-311-7457,%YE*FVwo1B,True,1
8,Jason,Morrison,peter69@example.com,8646101935,sM)5Pl(f*a,True,2
9,Jessica,Coleman,kstevenson@example.net,2394656577,*qm20GYmk2,True,1
10,George,Olsen,kramirez@example.net,791.643.8967,s$3mjsKm*$,True,1
11,Sean,Bailey,mcintyrerebecca@example.org,001-678-999-7012,)plnW!TiY5,True,2
12,Deborah,Perez,yperez@example.com,(611)355-5359x5230,KY8V+BihV(,False,2
13,Alyssa,Myers,robinsonjoel@example.com,001-583-498-0755x284,Y44_U8ci^+,True,1
14,Jose,Camacho,jamesbenson@example.com,754.746.4926x2799,!NT)!QKt93,True,2
15,Bradley,Anderson,sharonrichard@example.net,449-712-8143x47626,4*E59LkoYM,False,2
16,Jonathan,Tyler,fosteranthony@example.com,828-830-8078x0682,yvz4Gmceo^,False,1
17,Jennifer,Nelson,leroywatts@example.com,+1-726-244-0785x48795,ubYpZmv0+3,True,1
18,Julia,Morgan,aperry@example.net,773-296-4290x51253,+9XqfiAXwJ,True,2
19,Jeremy,Hall,hdavis@example.net,(294)114-9136x279,@0D(tjm_Mu,False,1
20,Angela,Reed,brucechad@example.com,+1-944-154-2798x78485,)2A$f_XZFk,True,2
21,Howard,Frederick,wadams@example.org,(240)640-2702,2D6$VWvyB@,False,1
22,Jacob,Wiggins,rebecca49@example.org,157-760-2060x95645,u#SGLFfa$6,False,1
23,Edward,Smith,ymacias@example.net,+1-091-236-4980,$xMpl7LjAf,True,1
24,Gail,Cummings,carla95@example.net,706-959-9500,+T7P8_aq&6,True,2
25,Paul,Crane,wwalton@example.net,044-914-5492,EPm9!Bdp5&,False,1
26,Sherry,Gibson,moralesmichael@example.org,001-742-990-4009,R9ZJiDno#L,False,2
27,Melissa,Morales,fergusonjessica@example.org,(043)651-1361x147,qU8^BUnr)y,False,1
28,Matthew,Schmidt,tracycarter@example.org,166.388.9265,(0BvsMiR+8,True,2
29,Pamela,Harvey,ebony31@example.net,843.596.1786,#H1JV)x!xT,True,1
30,Wesley,Hopkins,clarkekaren@example.com,866-459-0893x2908,I!5SCDil&1,False,1
31,Darren,Smith,charlesstrickland@example.org,001-910-629-0557x926,ER4hCk74_8,False,2
32,Kara,Lloyd,ismith@example.org,623.936.4718,sn^61TwMSa,False,2
33,Jessica,Riddle,erinsampson@example.com,+1-417-948-7538,*Ue4MKoqs4,True,2
34,Matthew,Peters,barrycunningham@example.net,(256)875-0247,@6aKJrYuUc,True,2
35,Ashley,Thompson,gmarshall@example.org,+1-020-722-6433x8875,^3X6LK7zOH,False,2
36,Brendan,Bradley,ksmith@example.com,(185)761-7892,q1PR3i(_**,False,2
37,Tyler,Smith,sloanrichard@example.org,321-872-5338x6807,)9bEvbtw4D,False,2
38,Amanda,Mayer,pramos@example.com,001-319-673-0249x7386,(07HfwSdi_,True,2
39,Megan,Wallace,kmurphy@example.net,458-329-5699x4395,Rob8FY&+#!,False,1
40,Adam,Stewart,victorianorris@example.com,(128)310-6996x5070,%R_86H6hh3,True,1
41,Katherine,Miranda,jennadavis@example.com,7176828634,TR9G%dR1)(,False,1
42,Amber,Morgan,amandahawkins@example.com,+1-503-377-9398x6611,_D89COo(p5,False,1
43,Matthew,Trujillo,amber25@example.net,027.639.6388x72059,oX)8PdIi!J,False,1
44,Daniel,Torres,smithsabrina@example.com,229-342-2864,^6tbFvM8fl,False,1
45,Jonathan,Avila,louislopez@example.com,(878)815-2608x50439,6#7Uts0lC$,True,2
46,Bryan,Williams,jennifer38@example.com,(084)311-7085,s#5LGyZzi&,True,1
47,Brenda,Landry,reyeswilliam@example.com,(615)910-8625x7723,N6$hRoZD@4,False,2
48,Monique,Delacruz,galvanrachel@example.net,880.629.9116,b1(D67Lt^R,False,1
49,Christina,Butler,justin83@example.org,903.743.9177x3060,&JAxB(Xg$9,False,1
50,Malik,Carlson,johnsonisabel@example.com,001-676-334-9199x2176,Y3D#a5Cp#J,False,1
51,Robert,Miller,dianaevans@example.com,595.505.2521,(N7l+C(zX(,True,1
52,Juan,Walker,ericwilliams@example.net,082-303-0393,p2D&z6PddR,True,1
53,Jessica,Olsen,michael21@example.net,877-449-8214x74255,#0u#YQww_j,True,2
54,Grant,Hanson,bradfordrobert@example.org,+1-516-712-0147x79617,L$nO(0Ehs3,False,1
55,Jeremy,Smith,vjohnson@example.net,133-217-9620x110,u15)yH%a($,True,1
56,Shawn,Rose,wcampbell@example.com,(286)810-5928,7exH23NsR&,True,1
57,Jacqueline,Martinez,davisjames@example.net,+1-031-095-0532x06465,ds2GsZxm%!,False,1
58,Brian,Williams,whitemelissa@example.org,0175420183,)mYW%TzX!5,True,2
59,Bethany,Barber,fstone@example.net,001-089-526-1711,@t63Sujml4,True,1
60,Aaron,Marshall,lwagner@example.net,001-868-891-3447x616,%!Sc8%eT)9,False,2
61,Donald,Brown,ttravis@example.com,501.646.9221x37736,qIy$2JLykJ,True,2
62,Julia,Crawford,susanlawrence@example.net,3995008975,$2#9^GmpJt,True,1
63,Christopher,Parker,eric64@example.net,(697)043-4722x124,9(_8mR4wfE,True,2
64,Derek,Wyatt,kimberlyharrington@example.net,0007636101,cl6*jTEos*,False,2
65,Jennifer,Vasquez,lbartlett@example.net,582.576.9109,m^A7Dg6n5n,False,2
66,Cody,Gutierrez,catherinesmith@example.org,459.311.4490,Xk6ZPs6zA!,False,2
67,Stephanie,Howard,patrickfrost@example.net,470-890-2509x948,U$6QT#NoXo,True,1
68,Melissa,Riddle,mossjoseph@example.net,753-595-3065,_U#6M1)k7I,True,1
69,Dawn,Daniels,dweeks@example.net,(375)505-3325x26842,*5ASmi%5_A,False,1
70,Joshua,Nixon,david94@example.org,015.881.6494,8lF)n^27&Y,True,2
71,Jeffrey,Tran,smithsteven@example.org,922-786-8343x3895,vp0Q(u_qj!,False,2
72,Jonathan,Davis,krios@example.net,238.715.6329x17390,04d*WVfu_i,False,1
73,Cameron,Bentley,diazbrian@example.org,223-229-1487x576,S^6RyIo%@k,True,1
74,Jacob,Williams,ewells@example.net,(545)502-4330x4324,+U87Bfgv7T,True,2
75,Julie,Owens,brownaaron@example.com,327.474.4671x1727,%A3*MbEy*),True,2
76,Bethany,Evans,brewerjessica@example.org,+1-305-553-6668,B!2qSMrOle,False,1
77,Michael,Michael,campbellbrittany@example.org,+1-698-112-0088x82505,&3nG(rGfJm,True,2
78,William,Chandler,annette51@example.com,227.047.4319,8&+s0WZ!Hp,False,2
79,Jose,Santiago,swilliams@example.com,177-329-6761,*86OFPODxA,False,1
80,Benjamin,Thornton,robertsandrew@example.com,+1-007-452-7571x08568,uiN50hN!(4,False,1
81,Travis,Ford,oelliott@example.org,+1-255-204-6732x04953,+KU3xVyy9g,True,1
82,Kevin,Johnson,nguyenryan@example.com,(477)726-6813,RD)lL1Rmi2,False,1
83,Robert,Mccoy,andrea24@example.com,(617)462-5842x276,&Ud1LTwc)_,True,1
84,Kylie,Kaiser,umartin@example.net,+1-313-075-1746x672,0&#6UHe(@L,False,1
85,Danielle,Weaver,heathermccullough@example.org,394.479.9996,d3qEABVn(i,True,1
86,Danny,Walker,vsimpson@example.com,001-228-106-2672x4690,QCF&9LvsdY,True,1
87,John,Peters,ewhite@example.com,+1-920-635-0411x38239,ZtN8!KKPA$,False,2
88,Matthew,Jones,ricardorobinson@example.net,529-496-5615x5935,ys)61UDQj!,True,1
89,Elizabeth,Jackson,zachary59@example.org,5581334154,&1vWSnas^E,False,2
90,Michele,Williams,yreynolds@example.org,5245182980,2_%G+%Jj#n,True,1
91,Ronald,Kramer,pmaldonado@example.org,+1-043-758-3641x46849,+S*Z(GPiX6,True,1
92,Cameron,Gill,emily24@example.com,877.470.6390,d)67BVShiS,False,1
93,Brandon,Cardenas,enichols@example.org,052.692.9340x768,9R^81JijuD,True,1
94,Barbara,Woodard,thomaslewis@example.net,619-813-2469x82958,(IIO9krh%9,True,2
95,Connor,Graham,brittany75@example.com,857.632.1619,Ig3iPqy7%(,False,1
96,Charles,Hill,martinezcassidy@example.net,+1-106-831-4647x2985,3z6EsdRn5^,False,2
97,James,Woods,michaelanderson@example.com,+1-829-666-4238x722,$05F)W)rCk,False,2
98,Sydney,Sparks,hollowayjeff@example.com,001-766-892-2962x99388,7deo(8XfuA,True,1
99,Victor,Sullivan,misty01@example.com,+1-953-503-1231x5284,+c4rQfTzM3,False,2
100,Jeffery,Wood,nstephens@example.net,+1-616-540-3663,68CaEgmG!y,True,2
101,Joseph,Anderson,dbradley@example.org,0276083249,mb3T9SMzJ#,False,1
102,Courtney,White,arthurbradley@example.net,(977)587-2376x588,+j4ZErtlmu,False,2
103,Chelsea,Morgan,larry23@example.org,128.789.3347x800,+z9lS#Haek,True,2
104,Patrick,Rubio,wrightsteven@example.net,(202)884-5465,B)2PRL%hri,True,1
105,Joshua,Berry,amystokes@example.org,+1-003-869-1631x95843,1i&2QT&AM&,True,1
106,Mark,Henderson,vturner@example.net,(018)398-1172x47254,d!7_SzMwuV,True,1
107,Taylor,Munoz,zroman@example.com,+1-360-717-1309x663,(6@UidhC+*,True,1
108,Michael,Blackburn,hlang@example.com,001-157-680-0585x9640,(c6RoDFxe2,False,2
109,Joseph,Gibbs,mckinneymiguel@example.org,001-236-647-1225,X$0lQUCyCe,False,1
110,Mikayla,King,ryanmedina@example.com,942-476-3374,n5MErqj*@u,False,1
111,Billy,Smith,peckblake@example.com,(225)634-5696x031,9#nv3a3hbN,False,1
112,Molly,Peck,jessicaanderson@example.net,(861)896-7880,%ZGDCyVyn0,True,1
